﻿{
  "sections": [
    {
      "sectionName": "project",
      "section": [
        {
          "documentChecklistName": "The Organizations by laws",
          "documentList": [
            {
              "docId": 1,
              "name": "Doc1",
              "showcommittee": true,
              "hardcopy": true,
              "approved": true,
              "comments": "comments"
            },
            {
              "docId": 2,
              "name": "Doc2",
              "showcommittee": true,
              "hardcopy": true,
              "approved": true,
              "comments": "comments"
            }
          ]
        },
        {
          "documentChecklistName": "The Organizations certificate of incorporation",
          "documentList": [
            {
              "docId": 3,
              "name": "Doc3",
              "showcommittee": true,
              "hardcopy": true,
              "approved": true,
              "comments": "comments"
            },
            {
              "docId": 4,
              "name": "Doc4",
              "showcommittee": true,
              "hardcopy": true,
              "approved": true,
              "comments": "comments"
            }
          ]
        }
      ]
    },
    {
      "sectionName": "overview",
      "section": [
        {
          "documentChecklistName": "The Organizations by laws",
          "documentList": [
            {
              "docId": 5,
              "name": "Doc5",
              "showcommittee": true,
              "hardcopy": true,
              "approved": true,
              "comments": "comments"
            },
            {
              "docId": 6,
              "name": "Doc6",
              "showcommittee": true,
              "hardcopy": true,
              "approved": true,
              "comments": "comments"
            }
          ]
        },
        {
          "documentChecklistName": "The Organizations certificate of incorporation",
          "documentList": [
            {
              "docId": 7,
              "name": "Doc7",
              "showcommittee": true,
              "hardcopy": true,
              "approved": true,
              "comments": "comments"
            },
            {
              "docId": 8,
              "name": "Doc8",
              "showcommittee": true,
              "hardcopy": true,
              "approved": true,
              "comments": "comments"
            }
          ]
        }
      ]
    },
    {
      "sectionName": "location",
      "section": [
        {
          "documentChecklistName": "The Organizations by laws",
          "documentList": [
            {
              "docId": 9,
              "name": "Doc9",
              "showcommittee": true,
              "hardcopy": true,
              "approved": true,
              "comments": "comments"
            },
            {
              "docId": 10,
              "name": "Doc10",
              "showcommittee": true,
              "hardcopy": true,
              "approved": true,
              "comments": "comments"
            }
          ]
        },
        {
          "documentChecklistName": "The Organizations certificate of incorporation",
          "documentList": [
            {
              "docId": 11,
              "name": "Doc11",
              "showcommittee": true,
              "hardcopy": true,
              "approved": true,
              "comments": "comments"
            },
            {
              "docId": 12,
              "name": "Doc12",
              "showcommittee": true,
              "hardcopy": true,
              "approved": true,
              "comments": "comments"
            }
          ]
        }
      ]
    },
    {
      "sectionName": "site characteristics",
      "section": [
        {
          "documentChecklistName": "The Organizations by laws",
          "documentList": [
            {
              "docId": 13,
              "name": "Doc13",
              "showcommittee": true,
              "hardcopy": true,
              "approved": true,
              "comments": "comments"
            },
            {
              "docId": 14,
              "name": "Doc14",
              "showcommittee": true,
              "hardcopy": true,
              "approved": true,
              "comments": "comments"
            }
          ]
        },
        {
          "documentChecklistName": "The Organizations certificate of incorporation",
          "documentList": [
            {
              "docId": 15,
              "name": "Doc15",
              "showcommittee": true,
              "hardcopy": true,
              "approved": true,
              "comments": "comments"
            },
            {
              "docId": 16,
              "name": "Doc16",
              "showcommittee": true,
              "hardcopy": true,
              "approved": true,
              "comments": "comments"
            }
          ]
        }
      ]
    },
    {
      "sectionName": "finance",
      "section": [
        {
          "documentChecklistName": "The Organizations by laws",
          "documentList": [
            {
              "docId": 17,
              "name": "Doc17",
              "showcommittee": true,
              "hardcopy": true,
              "approved": true,
              "comments": "comments"
            },
            {
              "docId": 18,
              "name": "Doc18",
              "showcommittee": true,
              "hardcopy": true,
              "approved": true,
              "comments": "comments"
            }
          ]
        },
        {
          "documentChecklistName": "The Organizations certificate of incorporation",
          "documentList": [
            {
              "docId": 19,
              "name": "Doc19",
              "showcommittee": true,
              "hardcopy": true,
              "approved": true,
              "comments": "comments"
            },
            {
              "docId": 20,
              "name": "Doc20",
              "showcommittee": true,
              "hardcopy": true,
              "approved": true,
              "comments": "comments"
            }
          ]
        }
      ]
    },
    {
      "sectionName": "planning management",
      "section": [
        {
          "documentChecklistName": "The Organizations by laws",
          "documentList": [
            {
              "docId": 21,
              "name": "Doc21",
              "showcommittee": true,
              "hardcopy": true,
              "approved": true,
              "comments": "comments"
            },
            {
              "docId": 22,
              "name": "Doc22",
              "showcommittee": true,
              "hardcopy": true,
              "approved": true,
              "comments": "comments"
            }
          ]
        },
        {
          "documentChecklistName": "The Organizations certificate of incorporation",
          "documentList": [
            {
              "docId": 23,
              "name": "Doc23",
              "showcommittee": true,
              "hardcopy": true,
              "approved": true,
              "comments": "comments"
            },
            {
              "docId": 24,
              "name": "Doc24",
              "showcommittee": true,
              "hardcopy": true,
              "approved": true,
              "comments": "comments"
            }
          ]
        }
      ]
    }
  ]
}
